rank,alpha,trainable_params,train_time_min,peak_vram_gb,eval_loss,eval_perplexity
8,16,1884160,3.159392,7.135439,1.761921,5.823616
16 (Q+V),32,3768320,3.208119,7.165432,1.758312,5.802634
64,128,15073280,3.310214,7.218942,1.763102,5.830491
16 (All Layers),32,15073280,4.5,7.35,1.745,5.72
